<?xml version="1.0" encoding="UTF-8"?>
<!DOCTYPE discografica SYSTEM "discografica_ext.dtd"> 
<discografica>
    <disco>
        <titulo>Steal this album!</titulo>
        <interprete>
            <nombre>Serj</nombre>
            <apellidos>Tankian</apellidos>
            <rol>Vocalista</rol>
        </interprete>
        <interprete>
            <nombre>Daron</nombre>
            <apellidos>Malakian</apellidos>
            <rol>Guitarrista</rol>
        </interprete>
        <interprete>
            <nombre>Shavo</nombre>
            <apellidos>Odadjian</apellidos>
            <rol>Bajista</rol>
        </interprete>
        <interprete>
            <nombre>John</nombre>
            <apellidos>Dolmayan</apellidos>
            <rol>Baterista</rol>
        </interprete>
        <pistas>
            <numero_de_pistas>16</numero_de_pistas>
            <pista>
                <nombre>Innervision</nombre>
                <duracion>2:35</duracion>
            </pista>
            <pista>
                <nombre>I-E-A-I-A-I-O</nombre>
                <duracion>3:08</duracion>
            </pista>
        </pistas>
    </disco>
    <disco>
        <titulo>LUX</titulo>
        <interprete>
            <nombre>Rosalía</nombre>
            <apellidos>Vila Tobella</apellidos>
            <rol>Motomami</rol>
        </interprete>
        <pistas>
            <numero_de_pistas>18</numero_de_pistas>
            <pista disponibilidad="digitalYfisico">
                <nombre>Berghain</nombre>
                <duracion>3:27</duracion>
            </pista>
            <pista disponibilidad="exclusivaFisico">
                <nombre>Focu 'ranni</nombre>
                <duracion>inconnu</duracion>
            </pista>
        </pistas>
    </disco>
</discografica>