<?xml version="1.0" encoding="UTF-8"?>
<!DOCTYPE matricula [  
    <!ELEMENT matricula (personal, pago)>  
    <!ELEMENT personal (dni, nombre, titulacion, curso_academico, domicilios)> 
    <!ELEMENT domicilios (domicilio+)> 
    <!ELEMENT domicilio (nombre)> 
        <!ATTLIST domicilio tipo (familiar|habitual) #REQUIRED>
    <!ELEMENT pago (tipo_matricula)> 
    <!ELEMENT dni (#PCDATA)>  
    <!ELEMENT nombre (#PCDATA)>
    <!ELEMENT titulacion (#PCDATA)>
    <!ELEMENT curso_academico (#PCDATA)>
    <!ELEMENT tipo_matricula (#PCDATA)>
]> 
<matricula>
    <personal>
        <dni>99223366M</dni>
        <nombre>Juan Pardo Martín</nombre>
        <titulacion>Ingeniería Informática</titulacion>
        <curso_academico>1997/1998</curso_academico>
        <domicilios>
            <domicilio tipo="familiar">
                <nombre>C/ Principal nº1</nombre>
            </domicilio>
            <domicilio tipo="habitual">
                <nombre>C/ Secundaria nº2</nombre>
            </domicilio>
        </domicilios>
    </personal>
    <pago>
        <tipo_matricula>Matrícula Ordinaria</tipo_matricula>
    </pago>
</matricula>

<!--siempre tiene que existir al
menos un domicilio, y que el atributo “tipo” es obligatorio, y sólo puede tomar los valores “familiar”
o “habitual”-->